archivo_web,fuente,nombre_original,ruta_master,estado
abimael_guzman_1.webp,N/A,N/A,N/A,HUÉRFANO
aerea_san_pedro_(1).webp,N/A,N/A,N/A,HUÉRFANO
altiplano.webp,N/A,N/A,N/A,HUÉRFANO
base-naval-prat-antartica.webp,N/A,N/A,N/A,HUÉRFANO
Hielo teatral.jpg,LIVE,Hielo teatral.jpg,C:\Users\santi\OneDrive - Bicicultura\Haroldo_Live\Hielo teatral.jpg,VINCULADO
lota_chile.webp,LIVE,Lota Chile 1990 alcoholico.jpg,C:\Users\santi\OneDrive - Bicicultura\Haroldo_Live\Lota Chile 1990 alcoholico.jpg,VINCULADO
ojos_salar.webp,N/A,N/A,N/A,HUÉRFANO
panoramica_uyuni2.webp,N/A,N/A,N/A,HUÉRFANO
Peine-Flamencos-2007060013.webp,LIVE,Peine-Flamencos-2007060013.jpg,C:\Users\santi\OneDrive - Bicicultura\Haroldo_Live\Peine-Flamencos-2007060013.jpg,VINCULADO
planta_litio.webp,LIVE,Peine-Planta Litio2007060024.jpg,C:\Users\santi\OneDrive - Bicicultura\Haroldo_Live\Peine-Planta Litio2007060024.jpg,VINCULADO
junin_(1).webp,N/A,N/A,N/A,HUÉRFANO
junin_(10).webp,N/A,N/A,N/A,HUÉRFANO
junin_(11).webp,N/A,N/A,N/A,HUÉRFANO
junin_(12).webp,N/A,N/A,N/A,HUÉRFANO
junin_(13).webp,N/A,N/A,N/A,HUÉRFANO
junin_(8).webp,N/A,N/A,N/A,HUÉRFANO
junin_(9).webp,N/A,N/A,N/A,HUÉRFANO
aerea_san_pedro_(1).webp,N/A,N/A,N/A,HUÉRFANO
aerea_san_pedro_(2).webp,N/A,N/A,N/A,HUÉRFANO
aerea_san_pedro_(3).webp,N/A,N/A,N/A,HUÉRFANO
aerea_san_pedro_(4).webp,N/A,N/A,N/A,HUÉRFANO
aerea_san_pedro_(5).webp,N/A,N/A,N/A,HUÉRFANO
atacamaseleccion_hht0204.webp,N/A,N/A,N/A,HUÉRFANO
cejar_(1).webp,N/A,N/A,N/A,HUÉRFANO
cejar_(10).webp,N/A,N/A,N/A,HUÉRFANO
cejar_(11).webp,N/A,N/A,N/A,HUÉRFANO
cejar_(12).webp,N/A,N/A,N/A,HUÉRFANO
cejar_(13).webp,N/A,N/A,N/A,HUÉRFANO
cejar_(14).webp,N/A,N/A,N/A,HUÉRFANO
cejar_(2).webp,N/A,N/A,N/A,HUÉRFANO
cejar_(3).webp,N/A,N/A,N/A,HUÉRFANO
cejar_(4).webp,N/A,N/A,N/A,HUÉRFANO
cejar_(5).webp,N/A,N/A,N/A,HUÉRFANO
cejar_(6).webp,N/A,N/A,N/A,HUÉRFANO
cejar_(7).webp,N/A,N/A,N/A,HUÉRFANO
cejar_(8).webp,N/A,N/A,N/A,HUÉRFANO
cejar_(9).webp,N/A,N/A,N/A,HUÉRFANO
lazcar_(1).webp,N/A,N/A,N/A,HUÉRFANO
lazcar_(2).webp,N/A,N/A,N/A,HUÉRFANO
lazcar_(3).webp,N/A,N/A,N/A,HUÉRFANO
altiplano.webp,N/A,N/A,N/A,HUÉRFANO
atacamaseleccion_hht0136.webp,N/A,N/A,N/A,HUÉRFANO
laguna_altiplano.webp,N/A,N/A,N/A,HUÉRFANO
Peine-Flamencos-2007060013.webp,LIVE,Peine-Flamencos-2007060013.jpg,C:\Users\santi\OneDrive - Bicicultura\Haroldo_Live\Peine-Flamencos-2007060013.jpg,VINCULADO
peine.webp,LIVE,Flamencos Peine.-Editar-2.jpg,C:\Users\santi\OneDrive - Bicicultura\Haroldo_Live\Flamencos Peine.-Editar-2.jpg,VINCULADO
san_pedro.webp,LIVE,13012012-Catalogo Haroldo HortaCatalogo Haroldo HortaSan Pedro--Laguna Miscante y Meñique-00003.jpg,C:\Users\santi\OneDrive - Bicicultura\Haroldo_Live\13012012-Catalogo Haroldo HortaCatalogo Haroldo HortaSan Pedro--Laguna Miscante y Meñique-00003.jpg,VINCULADO
tatio.webp,LIVE,18112009-_DSC1799 Panorama TATIO.jpg,C:\Users\santi\OneDrive - Bicicultura\Haroldo_Live\18112009-_DSC1799 Panorama TATIO.jpg,VINCULADO
valle_luna.webp,N/A,N/A,N/A,HUÉRFANO
fotografo_uyuni.webp,N/A,N/A,N/A,HUÉRFANO
hotel_sal.webp,N/A,N/A,N/A,HUÉRFANO
laguna_altipano.webp,N/A,N/A,N/A,HUÉRFANO
panoramica_uyuni2.webp,N/A,N/A,N/A,HUÉRFANO
reflejo_uyuni.webp,N/A,N/A,N/A,HUÉRFANO
salar_pano.webp,N/A,N/A,N/A,HUÉRFANO
saltando_uyuni.webp,N/A,N/A,N/A,HUÉRFANO
uyuni_espejo_pano.webp,N/A,N/A,N/A,HUÉRFANO
valle_luna_(1).webp,N/A,N/A,N/A,HUÉRFANO
valle_luna_(10).webp,N/A,N/A,N/A,HUÉRFANO
valle_luna_(11).webp,N/A,N/A,N/A,HUÉRFANO
valle_luna_(12).webp,N/A,N/A,N/A,HUÉRFANO
valle_luna_(13).webp,N/A,N/A,N/A,HUÉRFANO
valle_luna_(14).webp,N/A,N/A,N/A,HUÉRFANO
valle_luna_(15).webp,N/A,N/A,N/A,HUÉRFANO
valle_luna_(16).webp,N/A,N/A,N/A,HUÉRFANO
valle_luna_(17).webp,N/A,N/A,N/A,HUÉRFANO
valle_luna_(18).webp,N/A,N/A,N/A,HUÉRFANO
valle_luna_(19).webp,N/A,N/A,N/A,HUÉRFANO
valle_luna_(2).webp,N/A,N/A,N/A,HUÉRFANO
valle_luna_(20).webp,N/A,N/A,N/A,HUÉRFANO
valle_luna_(21).webp,N/A,N/A,N/A,HUÉRFANO
valle_luna_(22).webp,N/A,N/A,N/A,HUÉRFANO
valle_luna_(23).webp,N/A,N/A,N/A,HUÉRFANO
valle_luna_(24).webp,N/A,N/A,N/A,HUÉRFANO
valle_luna_(25).webp,N/A,N/A,N/A,HUÉRFANO
valle_luna_(26).webp,N/A,N/A,N/A,HUÉRFANO
valle_luna_(27).webp,N/A,N/A,N/A,HUÉRFANO
valle_luna_(28).webp,N/A,N/A,N/A,HUÉRFANO
valle_luna_(29).webp,N/A,N/A,N/A,HUÉRFANO
valle_luna_(3).webp,N/A,N/A,N/A,HUÉRFANO
valle_luna_(30).webp,N/A,N/A,N/A,HUÉRFANO
valle_luna_(31).webp,N/A,N/A,N/A,HUÉRFANO
valle_luna_(32).webp,N/A,N/A,N/A,HUÉRFANO
valle_luna_(33).webp,N/A,N/A,N/A,HUÉRFANO
valle_luna_(34).webp,N/A,N/A,N/A,HUÉRFANO
valle_luna_(35).webp,N/A,N/A,N/A,HUÉRFANO
valle_luna_(36).webp,N/A,N/A,N/A,HUÉRFANO
valle_luna_(37).webp,N/A,N/A,N/A,HUÉRFANO
valle_luna_(38).webp,N/A,N/A,N/A,HUÉRFANO
valle_luna_(39).webp,N/A,N/A,N/A,HUÉRFANO
valle_luna_(4).webp,N/A,N/A,N/A,HUÉRFANO
valle_luna_(40).webp,N/A,N/A,N/A,HUÉRFANO
valle_luna_(41).webp,N/A,N/A,N/A,HUÉRFANO
valle_luna_(42).webp,N/A,N/A,N/A,HUÉRFANO
valle_luna_(43).webp,N/A,N/A,N/A,HUÉRFANO
valle_luna_(44).webp,N/A,N/A,N/A,HUÉRFANO
valle_luna_(45).webp,N/A,N/A,N/A,HUÉRFANO
valle_luna_(46).webp,N/A,N/A,N/A,HUÉRFANO
valle_luna_(47).webp,N/A,N/A,N/A,HUÉRFANO
valle_luna_(48).webp,N/A,N/A,N/A,HUÉRFANO
valle_luna_(49).webp,N/A,N/A,N/A,HUÉRFANO
valle_luna_(5).webp,N/A,N/A,N/A,HUÉRFANO
valle_luna_(50).webp,N/A,N/A,N/A,HUÉRFANO
valle_luna_(51).webp,N/A,N/A,N/A,HUÉRFANO
valle_luna_(52).webp,N/A,N/A,N/A,HUÉRFANO
valle_luna_(53).webp,N/A,N/A,N/A,HUÉRFANO
valle_luna_(54).webp,N/A,N/A,N/A,HUÉRFANO
valle_luna_(55).webp,N/A,N/A,N/A,HUÉRFANO
valle_luna_(56).webp,N/A,N/A,N/A,HUÉRFANO
valle_luna_(57).webp,N/A,N/A,N/A,HUÉRFANO
valle_luna_(58).webp,N/A,N/A,N/A,HUÉRFANO
valle_luna_(59).webp,N/A,N/A,N/A,HUÉRFANO
valle_luna_(6).webp,N/A,N/A,N/A,HUÉRFANO
valle_luna_(60).webp,N/A,N/A,N/A,HUÉRFANO
valle_luna_(61).webp,N/A,N/A,N/A,HUÉRFANO
valle_luna_(62).webp,N/A,N/A,N/A,HUÉRFANO
valle_luna_(63).webp,N/A,N/A,N/A,HUÉRFANO
valle_luna_(64).webp,N/A,N/A,N/A,HUÉRFANO
valle_luna_(65).webp,N/A,N/A,N/A,HUÉRFANO
valle_luna_(7).webp,N/A,N/A,N/A,HUÉRFANO
valle_luna_(8).webp,N/A,N/A,N/A,HUÉRFANO
valle_luna_(9).webp,N/A,N/A,N/A,HUÉRFANO
01_portada.webp,N/A,N/A,N/A,HUÉRFANO
02_espanol.webp,N/A,N/A,N/A,HUÉRFANO
04_portugues.webp,N/A,N/A,N/A,HUÉRFANO
06_licencia_post.webp,N/A,N/A,N/A,HUÉRFANO
07_cierre.webp,N/A,N/A,N/A,HUÉRFANO
05052002-Doble-Pag.-Stern.webp,LIVE,05052002-Doble-Pag.-Stern.jpg,C:\Users\santi\OneDrive - Bicicultura\Haroldo_Live\05052002-Doble-Pag.-Stern.jpg,VINCULADO
05052002-Pub.doble.-Marisol-y-Tino.webp,LIVE,05052002-Pub-Sueca-Fothh3.jpg,C:\Users\santi\OneDrive - Bicicultura\Haroldo_Live\05052002-Pub-Sueca-Fothh3.jpg,VINCULADO
05052002-Pub.sueca-fotografo-hh.webp,LIVE,05052002-Pub-Sueca-Fothh3.jpg,C:\Users\santi\OneDrive - Bicicultura\Haroldo_Live\05052002-Pub-Sueca-Fothh3.jpg,VINCULADO
05052002-Pub.webp,LIVE,05052002-Pub-Sueca-Fothh3.jpg,C:\Users\santi\OneDrive - Bicicultura\Haroldo_Live\05052002-Pub-Sueca-Fothh3.jpg,VINCULADO
base-naval-prat-antartica.webp,N/A,N/A,N/A,HUÉRFANO
hielo_teatral.webp,LIVE,Hielo teatral.jpg,C:\Users\santi\OneDrive - Bicicultura\Haroldo_Live\Hielo teatral.jpg,VINCULADO
chiloe303_copy.webp,LIVE,Chiloe303 copy.jpg,C:\Users\santi\OneDrive - Bicicultura\Haroldo_Live\Chiloe303 copy.jpg,VINCULADO
chiloe362_copy_1.webp,LIVE,Chiloe362 copy_1.jpg,C:\Users\santi\OneDrive - Bicicultura\Haroldo_Live\Chiloe362 copy_1.jpg,VINCULADO
chiloe620_copy.webp,LIVE,Chiloe620 copy.jpg,C:\Users\santi\OneDrive - Bicicultura\Haroldo_Live\Chiloe620 copy.jpg,VINCULADO
chiloe646_copy_2.webp,LIVE,Chiloe646 copy_2.jpg,C:\Users\santi\OneDrive - Bicicultura\Haroldo_Live\Chiloe646 copy_2.jpg,VINCULADO
chiloe_balsas_3_pwp.webp,LIVE,Chiloe Balsas 3 PWP.jpg,C:\Users\santi\OneDrive - Bicicultura\Haroldo_Live\Chiloe Balsas 3 PWP.jpg,VINCULADO
libro_chiloe.webp,N/A,N/A,N/A,HUÉRFANO
"entrada_al_estrecho,_faro_dungenes_en_la_punta.webp",LIVE,"Entrada al estrecho, faro Dungenes en la punta.jpg","C:\Users\santi\OneDrive - Bicicultura\Haroldo_Live\Entrada al estrecho, faro Dungenes en la punta.jpg",VINCULADO
"estrecho,_faro_espiritu_santo.webp",LIVE,"Estrecho, faro Espiritu Santo.jpg","C:\Users\santi\OneDrive - Bicicultura\Haroldo_Live\Estrecho, faro Espiritu Santo.jpg",VINCULADO
estrecho_magallanes.webp,N/A,N/A,N/A,HUÉRFANO
reagan_nuclear.webp,N/A,N/A,N/A,HUÉRFANO
collage1.webp,N/A,N/A,N/A,HUÉRFANO
fordlandia_(1).webp,N/A,N/A,N/A,HUÉRFANO
fordlandia_(10).webp,N/A,N/A,N/A,HUÉRFANO
fordlandia_(11).webp,N/A,N/A,N/A,HUÉRFANO
fordlandia_(12).webp,N/A,N/A,N/A,HUÉRFANO
fordlandia_(13).webp,N/A,N/A,N/A,HUÉRFANO
fordlandia_(14).webp,N/A,N/A,N/A,HUÉRFANO
fordlandia_(15).webp,N/A,N/A,N/A,HUÉRFANO
fordlandia_(16).webp,N/A,N/A,N/A,HUÉRFANO
fordlandia_(17).webp,N/A,N/A,N/A,HUÉRFANO
fordlandia_(18).webp,N/A,N/A,N/A,HUÉRFANO
fordlandia_(2).webp,N/A,N/A,N/A,HUÉRFANO
fordlandia_(3).webp,N/A,N/A,N/A,HUÉRFANO
fordlandia_(4).webp,N/A,N/A,N/A,HUÉRFANO
fordlandia_(5).webp,N/A,N/A,N/A,HUÉRFANO
fordlandia_(6).webp,N/A,N/A,N/A,HUÉRFANO
fordlandia_(7).webp,N/A,N/A,N/A,HUÉRFANO
fordlandia_(8).webp,N/A,N/A,N/A,HUÉRFANO
fordlandia_(9).webp,N/A,N/A,N/A,HUÉRFANO
abimael_guzman_0.webp,N/A,N/A,N/A,HUÉRFANO
abimael_guzman_1.webp,N/A,N/A,N/A,HUÉRFANO
afoco_bendito_desierto0.webp,N/A,N/A,N/A,HUÉRFANO
afoco_bendito_desierto1.webp,N/A,N/A,N/A,HUÉRFANO
campesinos_armados.webp,N/A,N/A,N/A,HUÉRFANO
campesino_tienda.webp,N/A,N/A,N/A,HUÉRFANO
coche_bomba.webp,N/A,N/A,N/A,HUÉRFANO
colera_2.webp,N/A,N/A,N/A,HUÉRFANO
condiciones_salud.webp,N/A,N/A,N/A,HUÉRFANO
efectos_colera.webp,N/A,N/A,N/A,HUÉRFANO
ejercito_peruano_2.webp,LIVE,Ejercito Peruano_2.jpg,C:\Users\santi\OneDrive - Bicicultura\Haroldo_Live\Ejercito Peruano_2.jpg,VINCULADO
embajada_0.webp,N/A,N/A,N/A,HUÉRFANO
embajada_1.webp,N/A,N/A,N/A,HUÉRFANO
embajada_2.webp,N/A,N/A,N/A,HUÉRFANO
embajada_3.webp,N/A,N/A,N/A,HUÉRFANO
embajada_4.webp,N/A,N/A,N/A,HUÉRFANO
fujimori_1991.webp,LIVE,Fujimori 1991.jpg,C:\Users\santi\OneDrive - Bicicultura\Haroldo_Live\Fujimori 1991.jpg,VINCULADO
fujimori_periodistas.webp,LIVE,Perú-Fujimori-periodistas-Chilenos.JPG,C:\Users\santi\OneDrive - Bicicultura\Haroldo_Live\Perú-Fujimori-periodistas-Chilenos.JPG,VINCULADO
indigenas_cuzco.webp,LIVE,Indigenas Cuzco copia.jpg,C:\Users\santi\OneDrive - Bicicultura\Haroldo_Live\Indigenas Cuzco copia.jpg,VINCULADO
mercado_lima.webp,LIVE,Mercado Lima.jpg,C:\Users\santi\OneDrive - Bicicultura\Haroldo_Live\Mercado Lima.jpg,VINCULADO
mujeres_campesinas_sierra_peru.webp,N/A,N/A,N/A,HUÉRFANO
mujeres_rivera_rimac_lima_peru_1991_2.webp,LIVE,Mujeres rivera Rimac Lima Peru 1991_2.jpg,C:\Users\santi\OneDrive - Bicicultura\Haroldo_Live\Mujeres rivera Rimac Lima Peru 1991_2.jpg,VINCULADO
mujer_escaleras.webp,N/A,N/A,N/A,HUÉRFANO
peru_colera.webp,N/A,N/A,N/A,HUÉRFANO
portada_caretas_inundaciones.webp,LIVE,Portada Caretas Inundaciones.jpg,C:\Users\santi\OneDrive - Bicicultura\Haroldo_Live\Portada Caretas Inundaciones.jpg,VINCULADO
retrato_1.webp,LIVE,Retrato 1976.jpg,C:\Users\santi\OneDrive - Bicicultura\Haroldo_Live\Retrato 1976.jpg,VINCULADO
sendero_luminoso_2.webp,N/A,N/A,N/A,HUÉRFANO
lota_chile.webp,LIVE,Lota Chile 1990 alcoholico.jpg,C:\Users\santi\OneDrive - Bicicultura\Haroldo_Live\Lota Chile 1990 alcoholico.jpg,VINCULADO
lota_chile_1990_anciano_recolector_de_carbon.webp,LIVE,Lota Chile 1990 anciano recolector de carbon.jpg,C:\Users\santi\OneDrive - Bicicultura\Haroldo_Live\Lota Chile 1990 anciano recolector de carbon.jpg,VINCULADO
lota_chile_1990_pescando_carbon.webp,LIVE,Lota Chile 1990 pescando carbon.jpg,C:\Users\santi\OneDrive - Bicicultura\Haroldo_Live\Lota Chile 1990 pescando carbon.jpg,VINCULADO
medellin_1.webp,N/A,N/A,N/A,HUÉRFANO
medellin_10.webp,N/A,N/A,N/A,HUÉRFANO
medellin_11.webp,N/A,N/A,N/A,HUÉRFANO
medellin_12.webp,N/A,N/A,N/A,HUÉRFANO
medellin_13.webp,N/A,N/A,N/A,HUÉRFANO
medellin_14.webp,N/A,N/A,N/A,HUÉRFANO
medellin_15.webp,N/A,N/A,N/A,HUÉRFANO
medellin_16.webp,N/A,N/A,N/A,HUÉRFANO
medellin_17.webp,N/A,N/A,N/A,HUÉRFANO
medellin_18.webp,N/A,N/A,N/A,HUÉRFANO
medellin_19.webp,N/A,N/A,N/A,HUÉRFANO
medellin_2.webp,N/A,N/A,N/A,HUÉRFANO
medellin_20.webp,N/A,N/A,N/A,HUÉRFANO
medellin_21.webp,N/A,N/A,N/A,HUÉRFANO
medellin_22.webp,N/A,N/A,N/A,HUÉRFANO
medellin_23.webp,N/A,N/A,N/A,HUÉRFANO
medellin_24.webp,N/A,N/A,N/A,HUÉRFANO
medellin_25.webp,N/A,N/A,N/A,HUÉRFANO
medellin_26.webp,N/A,N/A,N/A,HUÉRFANO
medellin_27.webp,N/A,N/A,N/A,HUÉRFANO
medellin_3.webp,N/A,N/A,N/A,HUÉRFANO
medellin_4.webp,N/A,N/A,N/A,HUÉRFANO
medellin_5.webp,N/A,N/A,N/A,HUÉRFANO
medellin_6.webp,N/A,N/A,N/A,HUÉRFANO
medellin_7.webp,N/A,N/A,N/A,HUÉRFANO
medellin_8.webp,N/A,N/A,N/A,HUÉRFANO
medellin_9.webp,N/A,N/A,N/A,HUÉRFANO
alicia_alonso_1.webp,N/A,N/A,N/A,HUÉRFANO
alicia_alonso_danza.webp,N/A,N/A,N/A,HUÉRFANO
barbero_carpintero_ataud.webp,N/A,N/A,N/A,HUÉRFANO
bombardeo_nocturno.webp,N/A,N/A,N/A,HUÉRFANO
campesino_hija.webp,N/A,N/A,N/A,HUÉRFANO
chamorro_carter.webp,N/A,N/A,N/A,HUÉRFANO
cocinando_guerra.webp,N/A,N/A,N/A,HUÉRFANO
collage_nicaragua.webp,N/A,N/A,N/A,HUÉRFANO
crudeza_guerra.webp,N/A,N/A,N/A,HUÉRFANO
derrota_electoral_1989.webp,N/A,N/A,N/A,HUÉRFANO
derrota_electoral_2.webp,N/A,N/A,N/A,HUÉRFANO
disparo_rpg7.webp,N/A,N/A,N/A,HUÉRFANO
dolor_guerra.webp,N/A,N/A,N/A,HUÉRFANO
Enfermero_combatiente.webp,N/A,N/A,N/A,HUÉRFANO
en_la_montana_con_telcor.webp,N/A,N/A,N/A,HUÉRFANO
familia_tiempos_guerra.webp,N/A,N/A,N/A,HUÉRFANO
haroldo_con_las_brigadas_de_telcor_4.webp,LIVE,Haroldo con las brigadas de Telcor_4.jpg,C:\Users\santi\OneDrive - Bicicultura\Haroldo_Live\Haroldo con las brigadas de Telcor_4.jpg,VINCULADO
hospital_militar.webp,N/A,N/A,N/A,HUÉRFANO
miliciano_.webp,N/A,N/A,N/A,HUÉRFANO
miliciano_1.webp,N/A,N/A,N/A,HUÉRFANO
miliciano_herido.webp,N/A,N/A,N/A,HUÉRFANO
mujer_guerra.webp,N/A,N/A,N/A,HUÉRFANO
mujer_luz.webp,N/A,N/A,N/A,HUÉRFANO
nicaragua_-los_arcos-.webp,LIVE,Nicaragua -Los Arcos- Piñata.jpg,C:\Users\santi\OneDrive - Bicicultura\Haroldo_Live\Nicaragua -Los Arcos- Piñata.jpg,VINCULADO
nicaragua_dia_dia.webp,N/A,N/A,N/A,HUÉRFANO
panoramica.webp,LIVE,07122008-Panoramica Salar de Aguas Calientes.jpg,C:\Users\santi\OneDrive - Bicicultura\Haroldo_Live\07122008-Panoramica Salar de Aguas Calientes.jpg,VINCULADO
pintura_sandino.webp,N/A,N/A,N/A,HUÉRFANO
reflejo_convoy.webp,N/A,N/A,N/A,HUÉRFANO
soldados_sandinistas.webp,LIVE,05052002-Soldados-Sandinistas.jpg,C:\Users\santi\OneDrive - Bicicultura\Haroldo_Live\05052002-Soldados-Sandinistas.jpg,VINCULADO
soldado_herido.webp,LIVE,Soldado herido en el Ayacucho Perú.jpg,C:\Users\santi\OneDrive - Bicicultura\Haroldo_Live\Soldado herido en el Ayacucho Perú.jpg,VINCULADO
triste_retorno.webp,N/A,N/A,N/A,HUÉRFANO
aerea_litio1.webp,N/A,N/A,N/A,HUÉRFANO
aerea_litio2.webp,N/A,N/A,N/A,HUÉRFANO
dsc_5027_copia-editar.webp,LIVE,DSC_5027 copia-Editar.jpg,C:\Users\santi\OneDrive - Bicicultura\Haroldo_Live\DSC_5027 copia-Editar.jpg,VINCULADO
g0010946_copia.webp,LIVE,G0010946 copia.jpg,C:\Users\santi\OneDrive - Bicicultura\Haroldo_Live\G0010946 copia.jpg,VINCULADO
planta_litio.webp,LIVE,Peine-Planta Litio2007060024.jpg,C:\Users\santi\OneDrive - Bicicultura\Haroldo_Live\Peine-Planta Litio2007060024.jpg,VINCULADO
libro_esmeralda.webp,N/A,N/A,N/A,HUÉRFANO
publicaciones_souvenir1.webp,N/A,N/A,N/A,HUÉRFANO
publicaciones_souvenir2.webp,N/A,N/A,N/A,HUÉRFANO
05052002-Doble-pag.pub.-sueca.webp,LIVE,05052002-Doble-Pag.-Stern.jpg,C:\Users\santi\OneDrive - Bicicultura\Haroldo_Live\05052002-Doble-Pag.-Stern.jpg,VINCULADO
05052002-Pub-Sueca-Fothh3.webp,LIVE,05052002-Pub-Sueca-Fothh3.jpg,C:\Users\santi\OneDrive - Bicicultura\Haroldo_Live\05052002-Pub-Sueca-Fothh3.jpg,VINCULADO
05052002-Pub-Sueca-Fotograf-hh2.webp,LIVE,05052002-Pub-Sueca-Fotograf-hh2.jpg,C:\Users\santi\OneDrive - Bicicultura\Haroldo_Live\05052002-Pub-Sueca-Fotograf-hh2.jpg,VINCULADO
05052002-Pub.sueca-2.webp,LIVE,05052002-Pub-Sueca-Fothh3.jpg,C:\Users\santi\OneDrive - Bicicultura\Haroldo_Live\05052002-Pub-Sueca-Fothh3.jpg,VINCULADO
05052002-Pub.sueca.webp,LIVE,05052002-Pub-Sueca-Fothh3.jpg,C:\Users\santi\OneDrive - Bicicultura\Haroldo_Live\05052002-Pub-Sueca-Fothh3.jpg,VINCULADO
arribo_esmeralda.webp,LIVE,Arribo Esmeralda 2.jpg,C:\Users\santi\OneDrive - Bicicultura\Haroldo_Live\Arribo Esmeralda 2.jpg,VINCULADO
arribo_esmeralda_2.webp,LIVE,Arribo Esmeralda 2.jpg,C:\Users\santi\OneDrive - Bicicultura\Haroldo_Live\Arribo Esmeralda 2.jpg,VINCULADO
arribo_esmeralda_4.webp,LIVE,Arribo Esmeralda 4.jpg,C:\Users\santi\OneDrive - Bicicultura\Haroldo_Live\Arribo Esmeralda 4.jpg,VINCULADO
bilder_doble_pag1.jpeg,N/A,N/A,N/A,HUÉRFANO
bilder_doble_pag_2.jpeg,N/A,N/A,N/A,HUÉRFANO
bilder_portada_.jpeg,N/A,N/A,N/A,HUÉRFANO
bilder_texto_1.jpeg,N/A,N/A,N/A,HUÉRFANO
colera_sueca_2.jpeg,N/A,N/A,N/A,HUÉRFANO
consulado_managua.jpeg,N/A,N/A,N/A,HUÉRFANO
das_war_1991_colera.jpeg,N/A,N/A,N/A,HUÉRFANO
dossier_pub.jpeg,N/A,N/A,N/A,HUÉRFANO
el_comercio_1_enero_1999.jpeg,N/A,N/A,N/A,HUÉRFANO
El_comercio_verano_sangriento_1997.jpeg,N/A,N/A,N/A,HUÉRFANO
exposicion_europa_rev_sandinista_1.jpeg,N/A,N/A,N/A,HUÉRFANO
exposicion_europa_rev_sandinista_2.jpeg,N/A,N/A,N/A,HUÉRFANO
exposicion_europa_rev_sandinista_3.jpeg,N/A,N/A,N/A,HUÉRFANO
exposicion_europa_rev_sandinista_4.jpeg,N/A,N/A,N/A,HUÉRFANO
horta-agencia-zeitenspiegel-alemania-equipo.webp,N/A,N/A,N/A,HUÉRFANO
horta-certificacion-propiedad-cabo-hornos.webp,N/A,N/A,N/A,HUÉRFANO
horta-certificacion-propiedad-cejar.webp,N/A,N/A,N/A,HUÉRFANO
horta-certificacion-propiedad-intelectual.webp,N/A,N/A,N/A,HUÉRFANO
horta-der-spiegel-argentina-pampa-1991.webp,N/A,N/A,N/A,HUÉRFANO
horta-der-spiegel-argentina-pampa-texto.webp,N/A,N/A,N/A,HUÉRFANO
horta-dn-sondag-suecia-cronica.webp,N/A,N/A,N/A,HUÉRFANO
horta-dn-sondag-suecia-portada-1.webp,N/A,N/A,N/A,HUÉRFANO
horta-dn-sondag-suecia-portada-2.webp,N/A,N/A,N/A,HUÉRFANO
horta-documento-consulado-managua-1979.webp,N/A,N/A,N/A,HUÉRFANO
horta-dossier-derechos-humanos-chile.webp,N/A,N/A,N/A,HUÉRFANO
horta-el-comercio-peru-archivo-1999.webp,N/A,N/A,N/A,HUÉRFANO
horta-el-comercio-peru-embajada-1997.webp,N/A,N/A,N/A,HUÉRFANO
horta-exposicion-suecia-fotograficentrum-1.webp,N/A,N/A,N/A,HUÉRFANO
horta-exposicion-suecia-fotograficentrum-2.webp,N/A,N/A,N/A,HUÉRFANO
horta-exposicion-suecia-fotograficentrum-3.webp,N/A,N/A,N/A,HUÉRFANO
horta-exposicion-suecia-fotograficentrum-4.webp,N/A,N/A,N/A,HUÉRFANO
horta-folket-i-bild-nicaragua-doble-1.webp,N/A,N/A,N/A,HUÉRFANO
horta-folket-i-bild-nicaragua-doble-2.webp,N/A,N/A,N/A,HUÉRFANO
horta-folket-i-bild-perfil-autor.webp,N/A,N/A,N/A,HUÉRFANO
horta-folket-i-bild-portada-nicaragua.webp,N/A,N/A,N/A,HUÉRFANO
horta-francia-reportaje-colera-peru.webp,N/A,N/A,N/A,HUÉRFANO
horta-frankfurter-allgemeine-estadio-nacional.webp,N/A,N/A,N/A,HUÉRFANO
horta-frankfurter-allgemeine-estadio-texto-1.webp,N/A,N/A,N/A,HUÉRFANO
horta-frankfurter-allgemeine-estadio-texto-2.webp,N/A,N/A,N/A,HUÉRFANO
horta-new-york-times-nicaragua-1987.webp,N/A,N/A,N/A,HUÉRFANO
horta-nicaragua-parque-eolico.webp,N/A,N/A,N/A,HUÉRFANO
horta-preservacion-digital-proyecto-surdao.webp,N/A,N/A,N/A,HUÉRFANO
horta-propiedad-faros-chile.webp,N/A,N/A,N/A,HUÉRFANO
horta-propiedad-uyuni-panoramica.webp,N/A,N/A,N/A,HUÉRFANO
horta-revista-sueca-especial-1995.webp,N/A,N/A,N/A,HUÉRFANO
horta-stern-anuario-colera-peru-1991.webp,N/A,N/A,N/A,HUÉRFANO
horta-stern-jahrbuch-portada-1991.webp,N/A,N/A,N/A,HUÉRFANO
horta-suecia-reportaje-colera-peru-2.webp,N/A,N/A,N/A,HUÉRFANO
horta-suecia-reportaje-colera-portada.webp,N/A,N/A,N/A,HUÉRFANO
horta-suecia-reportaje-colera-texto.webp,N/A,N/A,N/A,HUÉRFANO
miembros__zeitenspiegel.jpeg,N/A,N/A,N/A,HUÉRFANO
new_york_times_1987.jpeg,N/A,N/A,N/A,HUÉRFANO
pub_francia_colera.jpeg,N/A,N/A,N/A,HUÉRFANO
revista_sueca_1995.jpeg,N/A,N/A,N/A,HUÉRFANO
spiegel_das_war_1991.jpeg,N/A,N/A,N/A,HUÉRFANO
spiegel_pampa_1991.jpeg,N/A,N/A,N/A,HUÉRFANO
spiegel_pampa_1991_tex.jpeg,N/A,N/A,N/A,HUÉRFANO
sueca_colera_portada.jpeg,N/A,N/A,N/A,HUÉRFANO
sueca_colera_texto.jpeg,N/A,N/A,N/A,HUÉRFANO
sueca_estadio_nacional.jpeg,N/A,N/A,N/A,HUÉRFANO
sueca_estadio_texto_1.jpeg,N/A,N/A,N/A,HUÉRFANO
sueca_estadio_texto_2.jpeg,N/A,N/A,N/A,HUÉRFANO
sueca_sondag_.jpeg,N/A,N/A,N/A,HUÉRFANO
sueca_sondag_portada_1.jpeg,N/A,N/A,N/A,HUÉRFANO
sueca_sondag_portada_2.jpeg,N/A,N/A,N/A,HUÉRFANO
